{"cameraMode":{"drawMode":0,"name":"Shaded","section":"Shading Mode"},"sceneLighting":false,"audioPlay":false,"sceneViewState":{"m_AlwaysRefresh":false,"showFog":true,"showSkybox":false,"showFlares":true,"showImageEffects":true,"showParticleSystems":true,"showVisualEffectGraphs":true,"m_FxEnabled":true},"in2DMode":false,"pivot":{"x":24.866939544677736,"y":-1.5061836242675782,"z":25.252132415771486},"rotation":{"x":-0.023497432470321657,"y":0.9723302721977234,"z":-0.11221270263195038,"w":-0.20357653498649598},"size":41.58705139160156,"orthographic":false}