{"cameraMode":{"drawMode":0,"name":"Shaded","section":"Shading Mode"},"sceneLighting":true,"audioPlay":false,"sceneViewState":{"m_AlwaysRefresh":false,"showFog":true,"showSkybox":true,"showFlares":true,"showImageEffects":true,"showParticleSystems":true,"showVisualEffectGraphs":true,"m_FxEnabled":true},"in2DMode":false,"pivot":{"x":29.713714599609376,"y":0.1944119930267334,"z":23.16128158569336},"rotation":{"x":0.33329614996910097,"y":0.08938302844762802,"z":-0.031758613884449008,"w":0.938041090965271},"size":2.739278793334961,"orthographic":true}