{"cameraMode":{"drawMode":0,"name":"Shaded","section":"Shading Mode"},"sceneLighting":true,"audioPlay":false,"sceneViewState":{"m_AlwaysRefresh":false,"showFog":true,"showSkybox":true,"showFlares":true,"showImageEffects":true,"showParticleSystems":true,"showVisualEffectGraphs":true,"m_FxEnabled":true},"in2DMode":false,"pivot":{"x":26.548992156982423,"y":-0.009220123291015625,"z":24.818408966064454},"rotation":{"x":-0.3930690884590149,"y":0.33760544657707217,"z":-0.1578710526227951,"w":-0.8406023979187012},"size":1.4888278245925904,"orthographic":true}