{"cameraMode":{"drawMode":0,"name":"Shaded","section":"Shading Mode"},"sceneLighting":true,"audioPlay":false,"sceneViewState":{"m_AlwaysRefresh":false,"showFog":true,"showSkybox":true,"showFlares":true,"showImageEffects":true,"showParticleSystems":true,"showVisualEffectGraphs":true,"m_FxEnabled":true},"in2DMode":false,"pivot":{"x":-0.006158992648124695,"y":22.048110961914064,"z":-5.454320907592773},"rotation":{"x":0.3248884975910187,"y":0.005674576386809349,"z":-0.0019496955210343004,"w":0.9457375407218933},"size":0.14781787991523744,"orthographic":true}