{"cameraMode":{"drawMode":0,"name":"Shaded","section":"Shading Mode"},"sceneLighting":false,"audioPlay":false,"sceneViewState":{"m_AlwaysRefresh":false,"showFog":true,"showSkybox":false,"showFlares":true,"showImageEffects":true,"showParticleSystems":true,"showVisualEffectGraphs":true,"m_FxEnabled":true},"in2DMode":false,"pivot":{"x":-0.006158992648124695,"y":-0.051888689398765567,"z":0.04567928984761238},"rotation":{"x":-0.02541450224816799,"y":-0.9707787036895752,"z":0.11941908299922943,"w":-0.2066137045621872},"size":0.14781732857227326,"orthographic":true}